text,category_1,category_2
believe-in-yourself,good sisu,Spiritual
believe-in-yourself,good sisu,Spiritual
open-minded,good sisu,Spiritual
power,good sisu,Spiritual
persistance,good sisu,Spiritual
courageous,good sisu,Spiritual
heroic,good sisu,Spiritual
courage,good sisu,Spiritual
confident,good sisu,Spiritual
confidencefearless,good sisu,Spiritual
calm,good sisu,Spiritual
strong,good sisu,Spiritual
strength,good sisu,Spiritual
gentle,good sisu,Relationship
extraordinary,good sisu,Spiritual
perserverance,good sisu,Spiritual
integrity,good sisu,Spiritual
guts,good sisu,Spiritual
will,good sisu,Spiritual
consistent,good sisu,Spiritual
challenge,good sisu,Spiritual
magic,good sisu,Spiritual
determination,good sisu,Spiritual
victory,good sisu,Spiritual
future,good sisu,Spiritual
past,good sisu,Spiritual
grow,good sisu,Spiritual
learn,good sisu,Spiritual
relationship,good sisu,Relationship
healthy,good sisu,Spiritual
consciousness,good sisu,Spiritual
positivity,good sisu,Spiritual
honest,good sisu,Spiritual
attitude,good sisu,Spiritual
motivated,good sisu,Spiritual
proud,good sisu,Spiritual
pride,good sisu,Spiritual
energy,good sisu,Spiritual
resilience,good sisu,Spiritual
better,good sisu,Spiritual
positivity,good sisu,Spiritual
compromise,good sisu,Spiritual
kind,good sisu,Relationship
gratitude,good sisu,Spiritual
persevere,good sisu,Spiritual
persist,good sisu,Spiritual
caring,good sisu,Relationship
beauty,good sisu,Spiritual
improve,good sisu,Spiritual
healthy-living,good sisu,Spiritual
motivational,good sisu,Spiritual
Positive,good sisu,Spiritual
wise,good sisu,Spiritual
Powerful,good sisu,Spiritual
Good,good sisu,Spiritual
Better,good sisu,Spiritual
Integrity,good sisu,Spiritual
Self,good sisu,Spiritual
self,good sisu,Spiritual
honesty,good sisu,Spiritual
problem-solving,good sisu,Spiritual
leadership,good sisu,Spiritual
humility,good sisu,Spiritual
Discipline,good sisu,Spiritual
Moving Forward,good sisu,Spiritual
Mind,good sisu,Spiritual
self-motivation,good sisu,Spiritual
passion,good sisu,Spiritual
Wise,good sisu,Spiritual
Kindness,good sisu,Relationship
independent,good sisu,Spiritual
peace,good sisu,Spiritual
Gratitude,good sisu,Spiritual
enthusiasm,good sisu,Spiritual
hope,good sisu,Spiritual
hospitality,good sisu,Spiritual
optimistic,good sisu,Spiritual
Patient,good sisu,Spiritual
self-improvement,good sisu,Spiritual
personal-development,good sisu,Spiritual
self-awareness,good sisu,Spiritual
spiritual,good sisu,Spiritual
trust,good sisu,Spiritual
yourself,good sisu,Spiritual
victory,good sisu,Spiritual
gut-feelings,good sisu,Spiritual
gut-awareness,good sisu,Spiritual
gut-instincts,good sisu,Spiritual
self-esteem,good sisu,Spiritual
self-reflection,good sisu,Spiritual
perspective,good sisu,Spiritual
courage,good sisu,Relationship
answerable,good sisu,Relationship
reporting,good sisu,Relationship
responsible,good sisu,Relationship
obeying,good sisu,Relationship
subject,good sisu,Relationship
bound by,good sisu,Relationship
bound to obey,good sisu,Relationship
under the charge of,good sisu,Relationship
live,good sisu,Spiritual
exist,good sisu,Spiritual
endure,good sisu,Spiritual
prevail,good sisu,Spiritual
subsist,good sisu,Spiritual
persist,good sisu,Spiritual
be,good sisu,Spiritual
last,good sisu,Spiritual
remain,good sisu,Spiritual
fight for your life,good sisu,Spiritual
live on,good sisu,Spiritual
remain alive,good sisu,Spiritual
stay alive,good sisu,Spiritual
sustain oneself,good sisu,Spiritual
cling to life,good sisu,Spiritual
have life,good sisu,Spiritual
be alive,good sisu,Spiritual
be animate,good sisu,Spiritual
be in this world,good sisu,Spiritual
carry on,good sisu,Spiritual
walk the earth,good sisu,Spiritual
be extant,good sisu,Spiritual
draw breath,good sisu,Spiritual
have being,good sisu,Spiritual
stay around,good sisu,Spiritual
sustain life,good sisu,Spiritual
be in the land of the living,good sisu,Spiritual
cheat death,good sisu,Spiritual
escape death,good sisu,Spiritual
evade death,good sisu,Spiritual
hold on,good sisu,Spiritual
hold out,good sisu,Spiritual
keep afloat,good sisu,Spiritual
make it,good sisu,Spiritual
keep body and soul together,good sisu,Spiritual
keep your head above water,good sisu,Spiritual
existence,good sisu,Spiritual
viability,good sisu,Spiritual
being,good sisu,Spiritual
persistence,good sisu,Spiritual
staying alive,good sisu,Spiritual
subsistence,good sisu,Spiritual
being alive,good sisu,Spiritual
life span,good sisu,Spiritual
continued existence,good sisu,Spiritual
holding on to life,good sisu,Spiritual
life,good sisu,Spiritual
continuance,good sisu,Spiritual
essence,good sisu,Spiritual
animation,good sisu,Spiritual
presence,good sisu,Spiritual
breath,good sisu,Spiritual
consciousness,good sisu,Spiritual
sentience,good sisu,Spiritual
personage,good sisu,Spiritual
aliveness,good sisu,Spiritual
animateness,good sisu,Spiritual
creation,good sisu,Spiritual
growth,good sisu,Spiritual
actuality,good sisu,Spiritual
reality,good sisu,Spiritual
continuation,good sisu,Spiritual
corporality,good sisu,Spiritual
corporeality,good sisu,Spiritual
fact,good sisu,Spiritual
personhood,good sisu,Spiritual
beinghood,good sisu,Spiritual
living,good sisu,Spiritual
existing,good sisu,Spiritual
perseverance,good sisu,Spiritual
permanence,good sisu,Spiritual
journey,good sisu,Spiritual
esse,good sisu,Spiritual
quiddity,good sisu,Spiritual
individuality,good sisu,Spiritual
thingness,good sisu,Spiritual
continued survival,good sisu,Spiritual
impalpable,good sisu,Spiritual
imperceptible,good sisu,Spiritual
indistinguishable,good sisu,Spiritual
slight,good sisu,Spiritual
minute,good sisu,Spiritual
undetectable,good sisu,Spiritual
small,good sisu,Spiritual
fine,good sisu,Spiritual
inappreciable,good sisu,Spiritual
indiscernible,good sisu,Spiritual
unnoticeable,good sisu,Spiritual
indistinct,good sisu,Spiritual
faint,good sisu,Spiritual
unapparent,good sisu,Spiritual
inconspicuous,good sisu,Spiritual
indefinite,good sisu,Spiritual
vague,good sisu,Spiritual
unperceivable,good sisu,Spiritual
imperceivable,good sisu,Spiritual
illusive,good sisu,Spiritual
tenuous,good sisu,Spiritual
elusive,good sisu,Spiritual
implied,good sisu,Spiritual
sheer,good sisu,Spiritual
undistinguishable,good sisu,Spiritual
attenuate,good sisu,Spiritual
ethereal,good sisu,Spiritual
inferred,good sisu,Spiritual
attenuated,good sisu,Spiritual
thin,good sisu,Spiritual
barely visible,good sisu,Spiritual
hard to make out,good sisu,Spiritual
dedication,good sisu,Spiritual
determination,good sisu,Spiritual
diligence,good sisu,Spiritual
persistence,good sisu,Spiritual
resoluteness,good sisu,Spiritual
resolve,good sisu,Spiritual
application,good sisu,Spiritual
commitment,good sisu,Spiritual
devotion,good sisu,Spiritual
doggedness,good sisu,Spiritual
drive,good sisu,Spiritual
obstinacy,good sisu,Spiritual
pertinacity,good sisu,Spiritual
purposefulness,good sisu,Spiritual
resolution,good sisu,Spiritual
steadfastness,good sisu,Spiritual
tenacity,good sisu,Spiritual
assiduity,good sisu,Spiritual
assiduousness,good sisu,Spiritual
endurance,good sisu,Spiritual
grit,good sisu,Spiritual
indefatigability,good sisu,Spiritual
sedulity,good sisu,Spiritual
sedulousness,good sisu,Spiritual
stamina,good sisu,Spiritual
constancy,good sisu,Spiritual
continuance,good sisu,Spiritual
intransigence,good sisu,Spiritual
patience,good sisu,Spiritual
perseveration,good sisu,Spiritual
purpose,good sisu,Spiritual
stubbornness,good sisu,Spiritual
tirelessness,good sisu,Spiritual
backbone,good sisu,Spiritual
guts,good sisu,Spiritual
immovability,good sisu,Spiritual
insistence,good sisu,Spiritual
moxie,good sisu,Spiritual
pluck,good sisu,Spiritual
spunk,good sisu,Spiritual
stickability,good sisu,Spiritual
pursuance,good sisu,Spiritual
Sitzfleisch,good sisu,Spiritual
firmness of purpose,good sisu,Spiritual
staying power,good sisu,Spiritual
stick-to-itiveness,good sisu,Spiritual
stick-to-it-iveness,good sisu,Spiritual
firmness,good sisu,Spiritual
obduracy,good sisu,Spiritual
relentlessness,good sisu,Spiritual
fortitude,good sisu,Spiritual
indomitability,good sisu,Spiritual
obdurateness,good sisu,Spiritual
inflexibility,good sisu,Spiritual
bullheadedness,good sisu,Spiritual
mulishness,good sisu,Spiritual
single-mindedness,good sisu,Spiritual
pigheadedness,good sisu,Spiritual
contumacy,good sisu,Spiritual
implacability,good sisu,Spiritual
inexorability,good sisu,Spiritual
inexorableness,good sisu,Spiritual
earnestness,good sisu,Spiritual
intransigency,good sisu,Spiritual
rigidity,good sisu,Spiritual
adamancy,good sisu,Spiritual
grimness,good sisu,Spiritual
steadiness,good sisu,Spiritual
inflexibleness,good sisu,Spiritual
courage,good sisu,Spiritual
toughness,good sisu,Spiritual
implacableness,good sisu,Spiritual
rigidness,good sisu,Spiritual
pertinaciousness,good sisu,Spiritual
staunchness,good sisu,Spiritual
heart,good sisu,Spiritual
die-hardism,good sisu,Spiritual
willpower,good sisu,Spiritual
incompliance,good sisu,Spiritual
tenaciousness,good sisu,Spiritual
incompliancy,good sisu,Spiritual
mettle,good sisu,Spiritual
spine,good sisu,Spiritual
strength,good sisu,Spiritual
intentness,good sisu,Spiritual
will,good sisu,Spiritual
remorselessness,good sisu,Spiritual
spirit,good sisu,Spiritual
decisiveness,good sisu,Spiritual
pluckiness,good sisu,Spiritual
decidedness,good sisu,Spiritual
strong-mindedness,good sisu,Spiritual
bravery,good sisu,Spiritual
zeal,good sisu,Spiritual
will power,good sisu,Spiritual
determinedness,good sisu,Spiritual
courageousness,good sisu,Spiritual
survivors,good sisu,Spiritual
odds,bad sisu,Spiritual
strive for,good sisu,Spiritual
fullfilling,good sisu,Spiritual
not honour,bad sisu,Spiritual
overextend,bad sisu,Spiritual
not care,bad sisu,Spiritual
care,good sisu,Spiritual
downward,bad sisu,Spiritual
overachieving,bad sisu,Spiritual
reflect,good sisu,Spiritual
not reflect,bad sisu,Spiritual
overusing,bad sisu,Spiritual
pressure,bad sisu,Spiritual
hard on yourself,bad sisu,Spiritual
overspending,bad sisu,Spiritual
lack of connection,bad sisu,Spiritual
goal,good sisu,Spiritual
sisukas,good sisu,Spiritual
toxic sisu,bad sisu,Spiritual
ego,bad sisu,Spiritual
good healthy sisu,good sisu,Spiritual
cross yourself,good sisu,Spiritual
cross ourselves,good sisu,Spiritual
behave,good sisu,Spiritual
practice,good sisu,Spiritual
honour,good sisu,Spiritual
gentle,good sisu,Spiritual
hear ourselves,good sisu,Spiritual
negative,bad sisu,Spiritual
harm,bad sisu,Spiritual
subtle,good sisu,Spiritual
attuned,good sisu,Spiritual
be in tune with,good sisu,Spiritual
balanced,good sisu,Spiritual
foresight,good sisu,Spiritual
forethought,good sisu,Spiritual
caution,good sisu,Spiritual
care,good sisu,Spiritual
prudence,good sisu,Spiritual
circumspection,good sisu,Spiritual
prescience,good sisu,Spiritual
providence,good sisu,Spiritual
carefulness,good sisu,Spiritual
discretion,good sisu,Spiritual
precaution,good sisu,Spiritual
awareness,good sisu,Spiritual
canniness,good sisu,Spiritual
vigilance,good sisu,Spiritual
clairvoyance,good sisu,Spiritual
vision,good sisu,Spiritual
farsightedness,good sisu,Spiritual
watchfulness,good sisu,Spiritual
anticipation,good sisu,Spiritual
foresightedness,good sisu,Spiritual
insight,good sisu,Spiritual
judiciousness,good sisu,Spiritual
planning,good sisu,Spiritual
discernment,good sisu,Spiritual
perception,good sisu,Spiritual
provision,good sisu,Spiritual
foreknowledge,good sisu,Spiritual
premeditation,good sisu,Spiritual
attentiveness,good sisu,Spiritual
premonition,good sisu,Spiritual
discreetness,good sisu,Spiritual
prevision,good sisu,Spiritual
economy,good sisu,Spiritual
penetration,good sisu,Spiritual
preconception,good sisu,Spiritual
forehandedness,good sisu,Spiritual
divination,good sisu,Spiritual
sagacity,good sisu,Spiritual
perspicacity,good sisu,Spiritual
readiness,good sisu,Spiritual
preparedness,good sisu,Spiritual
discrimination,good sisu,Spiritual
precognition,good sisu,Spiritual
prospect,good sisu,Spiritual
prophecy,good sisu,Spiritual
hindsight,good sisu,Spiritual
prenotion,good sisu,Spiritual
forward planning,good sisu,Spiritual
long-sightedness,good sisu,Spiritual
presence of mind,good sisu,Spiritual
intuition,good sisu,Spiritual
inner work,good sisu,Spiritual
pushy,bad sisu,Spiritual
assertive,bad sisu,Spiritual
brash,bad sisu,Spiritual
forward,bad sisu,Spiritual
ambitious,bad sisu,Spiritual
bold,bad sisu,Spiritual
obtrusive,bad sisu,Spiritual
officious,bad sisu,Spiritual
presumptuous,bad sisu,Spiritual
aggressive,bad sisu,Spiritual
bumptious,bad sisu,Spiritual
forceful,bad sisu,Spiritual
intrusive,bad sisu,Spiritual
self-assertive,bad sisu,Spiritual
thrusting,bad sisu,Spiritual
arrogant,bad sisu,Spiritual
bossy,bad sisu,Spiritual
busy,bad sisu,Spiritual
cocksure,bad sisu,Spiritual
confident,bad sisu,Spiritual
domineering,bad sisu,Spiritual
interfering,bad sisu,Spiritual
intruding,bad sisu,Spiritual
loud,bad sisu,Spiritual
meddlesome,bad sisu,Spiritual
meddling,bad sisu,Spiritual
nosey,bad sisu,Spiritual
nosy,bad sisu,Spiritual
over-assertive,bad sisu,Spiritual
overbearing,bad sisu,Spiritual
overconfident,bad sisu,Spiritual
presuming,bad sisu,Spiritual
protrusive,bad sisu,Spiritual
prying,bad sisu,Spiritual
snoopy,bad sisu,Spiritual
cocky,bad sisu,Spiritual
impertinent,bad sisu,Spiritual
obnoxious,bad sisu,Spiritual
offensive,bad sisu,Spiritual
pushful,bad sisu,Spiritual
go-ahead,bad sisu,Spiritual
insistent,bad sisu,Spiritual
loudmouthed,bad sisu,Spiritual
nervy,bad sisu,Spiritual
strident,bad sisu,Spiritual
full of oneself,bad sisu,Spiritual
pushing,bad sisu,Spiritual
honesty,good sisu,Spiritual
honest,good sisu,Spiritual
truthful,good sisu,Spiritual
forthright,good sisu,Spiritual
open,good sisu,Spiritual
sincere,good sisu,Spiritual
believable,good sisu,Spiritual
factual,good sisu,Spiritual
plain-speaking,good sisu,Spiritual
plain-spoken,good sisu,Spiritual
veracious,good sisu,Spiritual
frank,good sisu,Spiritual
candid,good sisu,Spiritual
upfront,good sisu,Spiritual
straight,good sisu,Spiritual
trustworthy,good sisu,Spiritual
genuine,good sisu,Spiritual
straightforward,good sisu,Spiritual
faithful,good sisu,Spiritual
reliable,good sisu,Spiritual
free-spoken,good sisu,Spiritual
round,good sisu,Spiritual
unfeigned,good sisu,Spiritual
proper,good sisu,Spiritual
veritable,good sisu,Spiritual
kosher,good sisu,Spiritual
literal,good sisu,Spiritual
scrupulous,good sisu,Spiritual
ingenuous,good sisu,Spiritual
realistic,good sisu,Spiritual
unreserved,good sisu,Spiritual
truth-telling,good sisu,Spiritual
legit,good sisu,Spiritual
precise,good sisu,Spiritual
on the level,good sisu,Spiritual
just,good sisu,Spiritual
guileless,good sisu,Spiritual
righteous,good sisu,Spiritual
real,good sisu,Spiritual
plainspoken,good sisu,Spiritual
trustworthy,good sisu,Spiritual
moral,good sisu,Spiritual
upright,good sisu,Spiritual
righteous,good sisu,Spiritual
scrupulous,good sisu,Spiritual
virtuous,good sisu,Spiritual
good,good sisu,Spiritual
reputable,good sisu,Spiritual
stand-up,good sisu,Spiritual
decent,good sisu,Spiritual
ethical,good sisu,Spiritual
guileless,good sisu,Spiritual
high-minded,good sisu,Spiritual
honourableUK,good sisu,Spiritual
veracious,good sisu,Spiritual
conscientious,good sisu,Spiritual
dependable,good sisu,Spiritual
faithful,good sisu,Spiritual
incorruptible,good sisu,Spiritual
law-abiding,good sisu,Spiritual
loyal,good sisu,Spiritual
morally correct,good sisu,Spiritual
principled,good sisu,Spiritual
reliable,good sisu,Spiritual
respectable,good sisu,Spiritual
right-minded,good sisu,Spiritual
upstanding,good sisu,Spiritual
love,good sisu,Relationship
appreciate,good sisu,Relationship
adore,good sisu,Relationship
dote,good sisu,Relationship
enjoy,good sisu,Relationship
fancy,good sisu,Relationship
like,good sisu,Relationship
admire,good sisu,Relationship
doting,good sisu,Relationship
find irresistible,good sisu,Relationship
prefer,good sisu,Relationship
venerate,good sisu,Relationship
adulate,good sisu,Relationship
care for,good sisu,Relationship
choose,good sisu,Relationship
feel deep affection for,good sisu,Relationship
be attracted to,good sisu,Relationship
be besotted with,good sisu,Relationship
be devoted to,good sisu,Relationship
be infatuated with,good sisu,Relationship
be keen on,good sisu,Relationship
be mad about,good sisu,Relationship
be nuts about,good sisu,Relationship
be partial to,good sisu,Relationship
be passionate about,good sisu,Relationship
be potty about,good sisu,Relationship
be smitten with,good sisu,Relationship
be wild about,good sisu,Relationship
care very much for,good sisu,Relationship
carry a torch for,good sisu,Relationship
esteem,good sisu,Relationship
feel affection,good sisu,Relationship
feel affection for,good sisu,Relationship
go for,good sisu,Relationship
have a pash on,good sisu,Relationship
hold very dear,good sisu,Relationship
leaning,good sisu,Relationship
overindulge,good sisu,Relationship
prize,good sisu,Relationship
be addicted to,good sisu,Relationship
be attached to,good sisu,Relationship
be captivated by,good sisu,Relationship
become infatuated with,good sisu,Relationship
become smitten with,good sisu,Relationship
be crazy about,good sisu,Relationship
be enamored of,good sisu,Relationship
be enchanted by,good sisu,Relationship
be fascinated with,good sisu,Relationship
be fond of,good sisu,Relationship
be hooked on,good sisu,Relationship
be in love with,good sisu,Relationship
be mad for,good sisu,Relationship
besotted with,good sisu,Relationship
be swept off one's feet by,good sisu,Relationship
be taken with,good sisu,Relationship
bewitched by,good sisu,Relationship
bowled over by,good sisu,Relationship
captivated by,good sisu,Relationship
carrying a torch for,good sisu,Relationship
consumed with desire for,good sisu,Relationship
crazy about,good sisu,Relationship
delight in,good sisu,Relationship
derive great pleasure from,good sisu,Relationship
develop a crush on,good sisu,Relationship
devoted to,good sisu,Relationship
dote on,good sisu,Relationship
doting on,good sisu,Relationship
enjoy greatly,good sisu,Relationship
enthralled by,good sisu,Relationship
entranced by,good sisu,Relationship
fall for,good sisu,Relationship
fall head over heels in love with,good sisu,Relationship
get a buzz from of,good sisu,Relationship
get a buzz out of,good sisu,Relationship
get a kick from of,good sisu,Relationship
get a kick out of,good sisu,Relationship
get off on,good sisu,Relationship
give one's heart to,good sisu,Relationship
go a bundle on,good sisu,Relationship
gone on,good sisu,Relationship
have affection for,good sisu,Relationship
have a great liking for,good sisu,Relationship
have a passion for,good sisu,Relationship
have a penchant for,good sisu,Relationship
have a predilection for,good sisu,Relationship
have a proclivity for,good sisu,Relationship
have a soft spot for,good sisu,Relationship
have a taste for,good sisu,Relationship
have a thing about,good sisu,Relationship
have a thing for,good sisu,Relationship
have a weakness for,good sisu,Relationship
have it bad,good sisu,Relationship
hold dear,good sisu,Relationship
infatuated with,good sisu,Relationship
like very much,good sisu,Relationship
long for,good sisu,Relationship
lose one's heart to,good sisu,Relationship
love-struck by,good sisu,Relationship
mad about,good sisu,Relationship
nuts about,good sisu,Relationship
passionate about,good sisu,Relationship
potty about,good sisu,Relationship
put on pedestal,good sisu,Relationship
really like,good sisu,Relationship
smitten with,good sisu,Relationship
take a fancy to,good sisu,Relationship
take great pleasure in,good sisu,Relationship
take pleasure in,good sisu,Relationship
think the world of,good sisu,Relationship
thoroughly enjoy,good sisu,Relationship
thrive with,good sisu,Relationship
twitterpated by,good sisu,Relationship
very much like,good sisu,Relationship
wild about,good sisu,Relationship
wild for,good sisu,Relationship
with a passion for,good sisu,Relationship
feast on,good sisu,Relationship
indulge in,good sisu,Relationship
luxuriate in,good sisu,Relationship
rejoice in,good sisu,Relationship
wuv,good sisu,Relationship
luv,good sisu,Relationship
relish,good sisu,Relationship
cherish,good sisu,Relationship
faith,good sisu,Relationship
trust,good sisu,Relationship
confidence,good sisu,Relationship
credence,good sisu,Relationship
conviction,good sisu,Relationship
devotion,good sisu,Relationship
devotedness,good sisu,Relationship
hope,good sisu,Relationship
belief,good sisu,Relationship
dependence,good sisu,Relationship
expectation,good sisu,Relationship
loyalty,good sisu,Relationship
commitment,good sisu,Relationship
dedication,good sisu,Relationship
faithfulness,good sisu,Relationship
fidelity,good sisu,Relationship
hopefulness,good sisu,Relationship
optimism,good sisu,Relationship
allegiance,good sisu,Relationship
assurance,good sisu,Relationship
constancy,good sisu,Relationship
fealty,good sisu,Relationship
piety,good sisu,Relationship
reliance,good sisu,Relationship
steadfastness,good sisu,Relationship
stock,good sisu,Relationship
troth,good sisu,Relationship
acceptance,good sisu,Relationship
attachment,good sisu,Relationship
certitude,good sisu,Relationship
credit,good sisu,Relationship
credulity,good sisu,Relationship
store,good sisu,Relationship
sureness,good sisu,Relationship
surety,good sisu,Relationship
adhesion,good sisu,Relationship
assent,good sisu,Relationship
certainty,good sisu,Relationship
entrustment,good sisu,Relationship
fastness,good sisu,Relationship
adherence,good sisu,Relationship
staunchness,good sisu,Relationship
dependability,good sisu,Relationship
trustworthiness,good sisu,Relationship
reliability,good sisu,Relationship
accountable,good sisu,Spiritual
survive,good sisu,Spiritual
survival,good sisu,Spiritual
subtle,good sisu,Spiritual
perseverance,good sisu,Spiritual
generous,good sisu,Relationship
obliging,good sisu,Relationship
free-handed,good sisu,Relationship
lavish,good sisu,Relationship
liberal,good sisu,Relationship
free,good sisu,Relationship
open-handed,good sisu,Relationship
bountiful,good sisu,Relationship
munificent,good sisu,Relationship
prodigal,good sisu,Relationship
unstinting,good sisu,Relationship
bounteous,good sisu,Relationship
charitable,good sisu,Relationship
giving,good sisu,Relationship
magnanimous,good sisu,Relationship
princely,good sisu,Relationship
ungrudging,good sisu,Relationship
beneficent,good sisu,Relationship
hospitable,good sisu,Relationship
indulgent,good sisu,Relationship
unselfish,good sisu,Relationship
unsparing,good sisu,Relationship
benignant,good sisu,Relationship
plenteous,good sisu,Relationship
willing,good sisu,Relationship
self-assurance,good sisu,Spiritual
aplomb,good sisu,Spiritual
assurance,good sisu,Spiritual
conviction,good sisu,Spiritual
self-confidence,good sisu,Spiritual
assuredness,good sisu,Spiritual
certainty,good sisu,Spiritual
courage,good sisu,Spiritual
self-reliance,good sisu,Spiritual
certitude,good sisu,Spiritual
nerve,good sisu,Spiritual
self-possession,good sisu,Spiritual
assertiveness,good sisu,Spiritual
boldness,good sisu,Spiritual
cocksureness,good sisu,Spiritual
composure,good sisu,Spiritual
doubtlessness,good sisu,Spiritual
firmness,good sisu,Spiritual
poise,good sisu,Spiritual
positiveness,good sisu,Spiritual
surety,good sisu,Spiritual
cool-headedness,good sisu,Spiritual
Ã©lan,good sisu,Spiritual
fortitude,good sisu,Spiritual
level-headedness,good sisu,Spiritual
mettle,good sisu,Spiritual
phlegm,good sisu,Spiritual
self-assuredness,good sisu,Spiritual
self-esteem,good sisu,Spiritual
self-trust,good sisu,Spiritual
sureness,good sisu,Spiritual
brashness,good sisu,Spiritual
faith in oneself,good sisu,Spiritual
fearlessness,good sisu,Spiritual
pluck,good sisu,Spiritual
resoluteness,good sisu,Spiritual
resolution,good sisu,Spiritual
tenacity,good sisu,Spiritual
backbone,good sisu,Spiritual
belief in oneself,good sisu,Spiritual
buoyancy,good sisu,Spiritual
cool,good sisu,Spiritual
coolness,good sisu,Spiritual
daring,good sisu,Spiritual
determination,good sisu,Spiritual
elan,good sisu,Spiritual
grit,good sisu,Spiritual
hardihood,good sisu,Spiritual
heart,good sisu,Spiritual
impudence,good sisu,Spiritual
intrepidity,good sisu,Spiritual
morale,good sisu,Spiritual
positivity,good sisu,Spiritual
presumption,good sisu,Spiritual
satisfaction,good sisu,Spiritual
spunk,good sisu,Spiritual
presence of mind,good sisu,Spiritual
self-efficacy,good sisu,Spiritual
can-do attitude,good sisu,Spiritual
confidence,good sisu,Spiritual
inspire,good sisu,Relationship
motivate,good sisu,Relationship
embolden,good sisu,Relationship
buoy,good sisu,Relationship
buoy up,good sisu,Relationship
cheer,good sisu,Relationship
drive,good sisu,Relationship
empower,good sisu,Relationship
incentify,good sisu,Relationship
stimulate,good sisu,Relationship
strengthen,good sisu,Relationship
applaud,good sisu,Relationship
enliven,good sisu,Relationship
push,good sisu,Relationship
reassure,good sisu,Relationship
spur,good sisu,Relationship
stir,good sisu,Relationship
build up,good sisu,Relationship
disinhibit,good sisu,Relationship
enforce,good sisu,Relationship
fillip,good sisu,Relationship
fortify,good sisu,Relationship
goad,good sisu,Relationship
hearten,good sisu,Relationship
impassion,good sisu,Relationship
inspirit,good sisu,Relationship
pique,good sisu,Relationship
spark,good sisu,Relationship
sway,good sisu,Relationship
trigger,good sisu,Relationship
vitalize,good sisu,Relationship
activate,good sisu,Relationship
arouse,good sisu,Relationship
boost,good sisu,Relationship
brighten,good sisu,Relationship
build,good sisu,Relationship
comfort,good sisu,Relationship
egg,good sisu,Relationship
enhearten,good sisu,Relationship
excite,good sisu,Relationship
exhilarate,good sisu,Relationship
fire up,good sisu,Relationship
instigate,good sisu,Relationship
jumpstart,good sisu,Relationship
kindle,good sisu,Relationship
move,good sisu,Relationship
pep up,good sisu,Relationship
spur on,good sisu,Relationship
steel,good sisu,Relationship
stir up,good sisu,Relationship
uplift,good sisu,Relationship
whip up,good sisu,Relationship
animate,good sisu,Relationship
assure,good sisu,Relationship
boost up,good sisu,Relationship
cheer on,good sisu,Relationship
energise,good sisu,Relationship
give a boost to,good sisu,Relationship
ignite,good sisu,Relationship
provoke,good sisu,Relationship
pump up,good sisu,Relationship
quicken,good sisu,Relationship
raise,good sisu,Relationship
reenforce,good sisu,Relationship
restore,good sisu,Relationship
revivify,good sisu,Relationship
rev up,good sisu,Relationship
rouse,good sisu,Relationship
bear up,good sisu,Relationship
chirk up,good sisu,Relationship
gladden,good sisu,Relationship
incite,good sisu,Relationship
motivate,good sisu,Relationship
encourage,good sisu,Relationship
motivating,good sisu,Relationship
exciting,good sisu,Relationship
provoking,good sisu,Relationship
inciting,good sisu,Relationship
riling,good sisu,Relationship
stirring up,good sisu,Relationship
fomenting,good sisu,Relationship
impassioning,good sisu,Relationship
inflaming,good sisu,Relationship
rallying,good sisu,Relationship
roiling,good sisu,Relationship
rousing,good sisu,Relationship
stirring,good sisu,Relationship
triggering,good sisu,Relationship
aggravating,good sisu,Relationship
agitating,good sisu,Relationship
animating,good sisu,Relationship
electrifying,good sisu,Relationship
firing up,good sisu,Relationship
goading,good sisu,Relationship
inspiring,good sisu,Relationship
instigating,good sisu,Relationship
arousing,good sisu,Relationship
enthusing,good sisu,Relationship
galvanizingUS,good sisu,Relationship
incensing,good sisu,Relationship
irking,good sisu,Relationship
priming,good sisu,Relationship
ruffling,good sisu,Relationship
stimulating,good sisu,Relationship
whipping up,good sisu,Relationship
baiting,good sisu,Relationship
charging,good sisu,Relationship
egging on,good sisu,Relationship
eliciting,good sisu,Relationship
encouraging,good sisu,Relationship
enlivening,good sisu,Relationship
grilling,good sisu,Relationship
kindling,good sisu,Relationship
piquing,good sisu,Relationship
pumping up,good sisu,Relationship
revving up,good sisu,Relationship
setting off,good sisu,Relationship
vexing,good sisu,Relationship
vivifying,good sisu,Relationship
winding up,good sisu,Relationship
working up,good sisu,Relationship
activating,good sisu,Relationship
angering,good sisu,Relationship
awakening,good sisu,Relationship
bringing about,good sisu,Relationship
bringing out,good sisu,Relationship
causing,good sisu,Relationship
charging up,good sisu,Relationship
commoving,good sisu,Relationship
energising,good sisu,Relationship
enkindling,good sisu,Relationship
jolting,good sisu,Relationship
needling,good sisu,Relationship
pepping up,good sisu,Relationship
sparking off,good sisu,Relationship
touching off,good sisu,Relationship
triggering off,good sisu,Relationship
working into lather,good sisu,Relationship
chafing,good sisu,Relationship
discomposing,good sisu,Relationship
flustering,good sisu,Relationship
inducing,good sisu,Relationship
infuriating,good sisu,Relationship
intensifying,good sisu,Relationship
maddening,good sisu,Relationship
offending,good sisu,Relationship
shaking,good sisu,Relationship
shaking up,good sisu,Relationship
starting,good sisu,Relationship
taunting,good sisu,Relationship
upsetting,good sisu,Relationship
waking up,good sisu,Relationship
feeding the fire,good sisu,Relationship
teamwork,good sisu,Relationship
collaboration,good sisu,Relationship
cooperation,good sisu,Relationship
coordination,good sisu,Relationship
synergy,good sisu,Relationship
coalition,good sisu,Relationship
communication,good sisu,Relationship
cooperating,good sisu,Relationship
fellowship,good sisu,Relationship
partnership,good sisu,Relationship
solidarity,good sisu,Relationship
symbiosis,good sisu,Relationship
synergism,good sisu,Relationship
unity,good sisu,Relationship
affiliation,good sisu,Relationship
alliance,good sisu,Relationship
assistance,good sisu,Relationship
association,good sisu,Relationship
collusion,good sisu,Relationship
communion,good sisu,Relationship
concert,good sisu,Relationship
confederacy,good sisu,Relationship
confederation,good sisu,Relationship
connection,good sisu,Relationship
consorting,good sisu,Relationship
harmony,good sisu,Relationship
partisanship,good sisu,Relationship
relations,good sisu,Relationship
union,good sisu,Relationship
coopetition,good sisu,Relationship
dealings,good sisu,Relationship
federation,good sisu,Relationship
help,good sisu,Relationship
participation,good sisu,Relationship
teaming,good sisu,Relationship
mutual effort,good sisu,Relationship
pulling together,good sisu,Relationship
team effort,good sisu,Relationship
combined effort,good sisu,Relationship
joint action,good sisu,Relationship
joint effort,good sisu,Relationship
working together,good sisu,Relationship
esprit de corps,good sisu,Relationship
team,good sisu,Relationship
teammate,good sisu,Relationship
determination,good sisu,Spiritual
resolution,good sisu,Spiritual
resolve,good sisu,Spiritual
perseverance,good sisu,Spiritual
persistence,good sisu,Spiritual
resoluteness,good sisu,Spiritual
backbone,good sisu,Spiritual
single-mindedness,good sisu,Spiritual
tenacity,good sisu,Spiritual
courage,good sisu,Spiritual
decision,good sisu,Spiritual
purposefulness,good sisu,Spiritual
steadfastness,good sisu,Spiritual
stubbornness,good sisu,Spiritual
boldness,good sisu,Spiritual
decidedness,good sisu,Spiritual
doggedness,good sisu,Spiritual
obstinacy,good sisu,Spiritual
staunchness,good sisu,Spiritual
conviction,good sisu,Spiritual
drive,good sisu,Spiritual
energy,good sisu,Spiritual
firmness,good sisu,Spiritual
intentness,good sisu,Spiritual
purpose,good sisu,Spiritual
bravery,good sisu,Spiritual
dedication,good sisu,Spiritual
fortitude,good sisu,Spiritual
indefatigability,good sisu,Spiritual
pertinaciousness,good sisu,Spiritual
pertinacity,good sisu,Spiritual
strong-mindedness,good sisu,Spiritual
tenaciousness,good sisu,Spiritual
will power,good sisu,Spiritual
braveness,good sisu,Spiritual
constancy,good sisu,Spiritual
grit,good sisu,Spiritual
guts,good sisu,Spiritual
inflexibility,good sisu,Spiritual
nerve,good sisu,Spiritual
obduracy,good sisu,Spiritual
obdurateness,good sisu,Spiritual
pluck,good sisu,Spiritual
spiritedness,good sisu,Spiritual
spunk,good sisu,Spiritual
willpower,good sisu,Spiritual
courageousness,good sisu,Spiritual
decisiveness,good sisu,Spiritual
determinedness,good sisu,Spiritual
earnestness,good sisu,Spiritual
granite,good sisu,Spiritual
perseveration,good sisu,Spiritual
pluckiness,good sisu,Spiritual
relentlessness,good sisu,Spiritual
strength of character,good sisu,Spiritual
certitude,good sisu,Spiritual
dauntlessness,good sisu,Spiritual
dogmatism,good sisu,Spiritual
intension,good sisu,Spiritual
intrepidity,good sisu,Spiritual
staying power,good sisu,Spiritual
assurance,good sisu,Spiritual
certainty,good sisu,Spiritual
fearlessness,good sisu,Spiritual
hardihood,good sisu,Spiritual
indomitability,good sisu,Spiritual
sense of purpose,good sisu,Spiritual
spine,good sisu,Spiritual
bulldog spirit,good sisu,Spiritual
self-confidence,good sisu,Spiritual
strength of will,good sisu,Spiritual
firmness of purpose,good sisu,Spiritual
fixity of purpose,good sisu,Spiritual
stickability,good sisu,Spiritual
stick-to-it-iveness,good sisu,Spiritual
stiff upper lip,good sisu,Spiritual
stick-to-itiveness,good sisu,Spiritual
stout-heartedness,good sisu,Spiritual
strength of mind,good sisu,Spiritual
determinate,good sisu,Spiritual
determined,good sisu,Spiritual
aspiring,good sisu,Spiritual
ambitious,good sisu,Spiritual
eager,good sisu,Spiritual
committed,good sisu,Spiritual
enterprising,good sisu,Spiritual
driven,good sisu,Spiritual
striving,good sisu,Spiritual
keen,good sisu,Spiritual
motivated,good sisu,Spiritual
enthusiastic,good sisu,Spiritual
zealous,good sisu,Spiritual
potential,good sisu,Spiritual
energetic,good sisu,Spiritual
purposeful,good sisu,Spiritual
hopeful,good sisu,Spiritual
budding,good sisu,Spiritual
pioneering,good sisu,Spiritual
progressive,good sisu,Spiritual
prospective,good sisu,Spiritual
wannabe,good sisu,Spiritual
wishful,good sisu,Spiritual
pushing,good sisu,Spiritual
aspirant,good sisu,Spiritual
likely,good sisu,Spiritual
possible,good sisu,Spiritual
longing,good sisu,Spiritual
future,good sisu,Spiritual
optimistic,good sisu,Spiritual
intending,good sisu,Spiritual
expectant,good sisu,Spiritual
impassioned,good sisu,Spiritual
go-getting,good sisu,Spiritual
hard-driving,good sisu,Spiritual
self-seeking,good sisu,Spiritual
go-ahead,good sisu,Spiritual
eager beaver,good sisu,Spiritual
on the make,good sisu,Spiritual
pushy,good sisu,Spiritual
forceful,good sisu,Spiritual
hungry,good sisu,Spiritual
assertive,good sisu,Spiritual
power-hungry,good sisu,Spiritual
self-starting,good sisu,Spiritual
highly motivated,good sisu,Spiritual
aggressive,good sisu,Spiritual
very motivated,good sisu,Spiritual
extremely motivated,good sisu,Spiritual
fierce,good sisu,Spiritual
desirous,good sisu,Spiritual
avid,good sisu,Spiritual
industrious,good sisu,Spiritual
adventurous,good sisu,Spiritual
ardent,good sisu,Spiritual
earnest,good sisu,Spiritual
militant,good sisu,Spiritual
active,good sisu,Spiritual
inspired,good sisu,Spiritual
thirsty,good sisu,Spiritual
vigorous,good sisu,Spiritual
ruthless,good sisu,Spiritual
goal-oriented,good sisu,Spiritual
self-driven,good sisu,Spiritual
single-minded,good sisu,Spiritual
power-loving,good sisu,Spiritual
bent upon,good sisu,Spiritual
high-reaching,good sisu,Spiritual
upwardly mobile,good sisu,Spiritual
self-assertive,good sisu,Spiritual
desiring success,good sisu,Spiritual
self-asserting,good sisu,Spiritual
get up and go,good sisu,Spiritual
like a ball of fire,good sisu,Spiritual
innovation,good sisu,Spiritual
invention,good sisu,Spiritual
creation,good sisu,Spiritual
design,good sisu,Spiritual
development,good sisu,Spiritual
brainchild,good sisu,Spiritual
conception,good sisu,Spiritual
concoction,good sisu,Spiritual
contrivance,good sisu,Spiritual
coinage,good sisu,Spiritual
construction,good sisu,Spiritual
formulation,good sisu,Spiritual
origination,good sisu,Spiritual
original idea,good sisu,Spiritual
wrinkle,good sisu,Spiritual
discovery,good sisu,Spiritual
introduction,good sisu,Spiritual
inception,good sisu,Spiritual
breakthrough,good sisu,Spiritual
production,good sisu,Spiritual
finding,good sisu,Spiritual
opus,good sisu,Spiritual
institution,good sisu,Spiritual
launch,good sisu,Spiritual
pioneering,good sisu,Spiritual
sisukas,good sisu,Spiritual
sisu,good sisu,Spiritual
si su,good sisu,Spiritual
self-leadership,good sisu,Spiritual
brainstorm,good sisu,Relationship
intercommunicate,good sisu,Relationship
communicate,good sisu,Relationship
analyse,good sisu,Relationship
conceive,good sisu,Relationship
create,good sisu,Relationship
deliberate,good sisu,Relationship
devise,good sisu,Relationship
invent,good sisu,Relationship
plan,good sisu,Relationship
ponder,good sisu,Relationship
suggest,good sisu,Relationship
think,good sisu,Relationship
free-associate,good sisu,Relationship
problem-solve,good sisu,Relationship
put heads together,good sisu,Relationship
conjure up,good sisu,Relationship
dream up,good sisu,Relationship
rack brains,good sisu,Relationship
share ideas,good sisu,Relationship
come up with,good sisu,Relationship
talk,good sisu,Relationship
contact,good sisu,Relationship
converse,good sisu,Relationship
discuss,good sisu,Relationship
devise,good sisu,Relationship
contrive,good sisu,Relationship
plan,good sisu,Relationship
concoct,good sisu,Relationship
design,good sisu,Relationship
invent,good sisu,Relationship
create,good sisu,Relationship
frame,good sisu,Relationship
formulate,good sisu,Relationship
arrange,good sisu,Relationship
construct,good sisu,Relationship
develop,good sisu,Relationship
plot,good sisu,Relationship
hatch,good sisu,Relationship
scheme,good sisu,Relationship
form,good sisu,Relationship
conceive,good sisu,Relationship
fabricate,good sisu,Relationship
produce,good sisu,Relationship
brainstomring,good sisu,Relationship
perseverance,good sisu,Spiritual
dedication,good sisu,Spiritual
determination,good sisu,Spiritual
diligence,good sisu,Spiritual
persistence,good sisu,Spiritual
resoluteness,good sisu,Spiritual
resolve,good sisu,Spiritual
application,good sisu,Spiritual
commitment,good sisu,Spiritual
devotion,good sisu,Spiritual
doggedness,good sisu,Spiritual
drive,good sisu,Spiritual
obstinacy,good sisu,Spiritual
pertinacity,good sisu,Spiritual
purposefulness,good sisu,Spiritual
resolution,good sisu,Spiritual
steadfastness,good sisu,Spiritual
tenacity,good sisu,Spiritual
assiduity,good sisu,Spiritual
assiduousness,good sisu,Spiritual
endurance,good sisu,Spiritual
grit,good sisu,Spiritual
indefatigability,good sisu,Spiritual
sedulity,good sisu,Spiritual
sedulousness,good sisu,Spiritual
stamina,good sisu,Spiritual
constancy,good sisu,Spiritual
continuance,good sisu,Spiritual
intransigence,good sisu,Spiritual
patience,good sisu,Spiritual
perseveration,good sisu,Spiritual
purpose,good sisu,Spiritual
stubbornness,good sisu,Spiritual
tirelessness,good sisu,Spiritual
backbone,good sisu,Spiritual
guts,good sisu,Spiritual
immovability,good sisu,Spiritual
insistence,good sisu,Spiritual
moxie,good sisu,Spiritual
pluck,good sisu,Spiritual
spunk,good sisu,Spiritual
stickability,good sisu,Spiritual
pursuance,good sisu,Spiritual
Sitzfleisch,good sisu,Spiritual
firmness of purpose,good sisu,Spiritual
staying power,good sisu,Spiritual
stick-to-itiveness,good sisu,Spiritual
stick-to-it-iveness,good sisu,Spiritual
firmness,good sisu,Spiritual
obduracy,good sisu,Spiritual
relentlessness,good sisu,Spiritual
fortitude,good sisu,Spiritual
indomitability,good sisu,Spiritual
obdurateness,good sisu,Spiritual
inflexibility,good sisu,Spiritual
bullheadedness,good sisu,Spiritual
mulishness,good sisu,Spiritual
single-mindedness,good sisu,Spiritual
pigheadedness,good sisu,Spiritual
contumacy,good sisu,Spiritual
implacability,good sisu,Spiritual
inexorability,good sisu,Spiritual
inexorableness,good sisu,Spiritual
earnestness,good sisu,Spiritual
intransigency,good sisu,Spiritual
rigidity,good sisu,Spiritual
adamancy,good sisu,Spiritual
grimness,good sisu,Spiritual
steadiness,good sisu,Spiritual
resilience,good sisu,Spiritual
hardiness,good sisu,Spiritual
toughness,good sisu,Spiritual
character,good sisu,Spiritual
courage,good sisu,Spiritual
determination,good sisu,Spiritual
fortitude,good sisu,Spiritual
purpose,good sisu,Spiritual
resolve,good sisu,Spiritual
strength,good sisu,Spiritual
tenacity,good sisu,Spiritual
grit,good sisu,Spiritual
mettle,good sisu,Spiritual
perseverance,good sisu,Spiritual
persistence,good sisu,Spiritual
pluckiness,good sisu,Spiritual
stoicism,good sisu,Spiritual
will,good sisu,Spiritual
backbone,good sisu,Spiritual
doggedness,good sisu,Spiritual
durability,good sisu,Spiritual
guts,good sisu,Spiritual
gutsiness,good sisu,Spiritual
indefatigability,good sisu,Spiritual
indomitability,good sisu,Spiritual
intrepidity,good sisu,Spiritual
resistance,good sisu,Spiritual
resoluteness,good sisu,Spiritual
spine,good sisu,Spiritual
spirit,good sisu,Spiritual
spiritedness,good sisu,Spiritual
spunk,good sisu,Spiritual
stamina,good sisu,Spiritual
staunchness,good sisu,Spiritual
steadfastness,good sisu,Spiritual
tenaciousness,good sisu,Spiritual
vim,good sisu,Spiritual
bouncebackability,good sisu,Spiritual
endurance,good sisu,Spiritual
moxie,good sisu,Spiritual
ruggedness,good sisu,Spiritual
vitality,good sisu,Spiritual
strength of character,good sisu,Spiritual
strong-mindedness,good sisu,Spiritual
intestinal fortitude,good sisu,Spiritual
ability to bounce back,good sisu,Spiritual
moral fiber,good sisu,Spiritual
toughness of spirit,good sisu,Spiritual
staying power,good sisu,Spiritual
survival skills,good sisu,Spiritual
firmness,good sisu,Spiritual
robustness,good sisu,Spiritual
pluck,good sisu,Spiritual
resolution,good sisu,Spiritual
nerve,good sisu,Spiritual
hardihood,good sisu,Spiritual
bravery,good sisu,Spiritual
boldness,good sisu,Spiritual
grittiness,good sisu,Spiritual
courageousness,good sisu,Spiritual
constancy,good sisu,Spiritual
braveness,good sisu,Spiritual
starch,good sisu,Spiritual
self-discipline,good sisu,Spiritual
sturdiness,good sisu,Spiritual
fortitude,good sisu,Spiritual
integrity,good sisu,Spiritual
honesty,good sisu,Spiritual
probity,good sisu,Spiritual
rectitude,good sisu,Spiritual
righteousness,good sisu,Spiritual
uprightness,good sisu,Spiritual
virtue,good sisu,Spiritual
morality,good sisu,Spiritual
principle,good sisu,Spiritual
honour,good sisu,Spiritual
goodness,good sisu,Spiritual
truthfulness,good sisu,Spiritual
decency,good sisu,Spiritual
ethics,good sisu,Spiritual
character,good sisu,Spiritual
fairness,good sisu,Spiritual
honourableness,good sisu,Spiritual
incorruptibility,good sisu,Spiritual
morals,good sisu,Spiritual
nobility,good sisu,Spiritual
principles,good sisu,Spiritual
purity,good sisu,Spiritual
sincerity,good sisu,Spiritual
trustiness,good sisu,Spiritual
trustworthiness,good sisu,Spiritual
veracity,good sisu,Spiritual
verity,good sisu,Spiritual
virtuousness,good sisu,Spiritual
reputability,good sisu,Spiritual
scrupulousness,good sisu,Spiritual
upstandingness,good sisu,Spiritual
candour,good sisu,Spiritual
candor,good sisu,Spiritual
forthrightness,good sisu,Spiritual
good character,good sisu,Spiritual
high-mindedness,good sisu,Spiritual
honestness,good sisu,Spiritual
honorableness,good sisu,Spiritual
incorruption,good sisu,Spiritual
noble-mindedness,good sisu,Spiritual
reliability,good sisu,Spiritual
right-mindedness,good sisu,Spiritual
rightness,good sisu,Spiritual
sportsmanship,good sisu,Spiritual
truth,good sisu,Spiritual
straightforwardness,good sisu,Spiritual
entrepreneurial,good sisu,Spiritual
go-ahead,good sisu,Spiritual
enterprising,good sisu,Spiritual
energetic,good sisu,Spiritual
vigorous,good sisu,Spiritual
driven,good sisu,Spiritual
dynamic,good sisu,Spiritual
enthusiastic,good sisu,Spiritual
spirited,good sisu,Spiritual
ambitious,good sisu,Spiritual
progressive,good sisu,Spiritual
bold,good sisu,Spiritual
vital,good sisu,Spiritual
resourceful,good sisu,Spiritual
adventurous,good sisu,Spiritual
audacious,good sisu,Spiritual
courageous,good sisu,Spiritual
daring,good sisu,Spiritual
intrepid,good sisu,Spiritual
gumptious,good sisu,Spiritual
go-getting,good sisu,Spiritual
high-powered,good sisu,Spiritual
aggressive,good sisu,Spiritual
assertive,good sisu,Spiritual
pushy,good sisu,Spiritual
militant,good sisu,Spiritual
fierce,good sisu,Spiritual
diligent,good sisu,Spiritual
industrious,good sisu,Spiritual
eager,good sisu,Spiritual
humanity,good sisu,Spiritual
compassion,good sisu,Spiritual
kindness,good sisu,Spiritual
charity,good sisu,Spiritual
benevolence,good sisu,Spiritual
sympathy,good sisu,Spiritual
kindliness,good sisu,Spiritual
pity,good sisu,Spiritual
mercy,good sisu,Spiritual
tenderness,good sisu,Spiritual
kindheartedness,good sisu,Spiritual
understanding,good sisu,Spiritual
feeling,good sisu,Spiritual
commiseration,good sisu,Spiritual
warmheartedness,good sisu,Spiritual
humaneness,good sisu,Spiritual
heart,good sisu,Spiritual
softheartedness,good sisu,Spiritual
consideration,good sisu,Spiritual
tolerance,good sisu,Spiritual
generosity,good sisu,Spiritual
goodwill,good sisu,Spiritual
ruth,good sisu,Spiritual
bigheartedness,good sisu,Spiritual
altruism,good sisu,Spiritual
benignity,good sisu,Spiritual
empathy,good sisu,Spiritual
magnanimity,good sisu,Spiritual
leniency,good sisu,Spiritual
largeheartedness,good sisu,Spiritual
gentleness,good sisu,Spiritual
goodness,good sisu,Spiritual
philanthropy,good sisu,Spiritual
mercifulness,good sisu,Spiritual
amity,good sisu,Spiritual
friendship,good sisu,Spiritual
kind-heartedness,good sisu,Spiritual
good-heartedness,good sisu,Spiritual
fellow feeling,good sisu,Spiritual
brotherly love,good sisu,Spiritual
concern,good sisu,Spiritual
clemency,good sisu,Spiritual
beneficence,good sisu,Spiritual
indulgence,good sisu,Spiritual
liberality,good sisu,Spiritual
grace,good sisu,Spiritual
tender-heartedness,good sisu,Spiritual
tenderheartedness,good sisu,Spiritual
warmth,good sisu,Spiritual
charitableness,good sisu,Spiritual
care,good sisu,Spiritual
forbearance,good sisu,Spiritual
warm-heartedness,good sisu,Spiritual
sensitivity,good sisu,Spiritual
thoughtfulness,good sisu,Spiritual
compassionateness,good sisu,Spiritual
benignancy,good sisu,Spiritual
love,good sisu,Spiritual
lenity,good sisu,Spiritual
mildness,good sisu,Spiritual
patience,good sisu,Spiritual
forgiveness,good sisu,Spiritual
unselfishness,good sisu,Spiritual
lenience,good sisu,Spiritual
friendliness,good sisu,Spiritual
affection,good sisu,Spiritual
decency,good sisu,Spiritual
quarter,good sisu,Spiritual
softness,good sisu,Spiritual
liberalness,good sisu,Spiritual
humanitarianism,good sisu,Spiritual
good will,good sisu,Spiritual
soft-heartedness,good sisu,Spiritual
graciousness,good sisu,Spiritual
considerateness,good sisu,Spiritual
sufferance,good sisu,Spiritual
nobility,good sisu,Spiritual
toleration,good sisu,Spiritual
sustainable,good sisu,Spiritual
tolerable,good sisu,Spiritual
supportable,good sisu,Spiritual
bearable,good sisu,Spiritual
endurable,good sisu,Spiritual
manageable,good sisu,Spiritual
sufferable,good sisu,Spiritual
feasible,good sisu,Spiritual
workable,good sisu,Spiritual
livable,good sisu,Spiritual
acceptable,good sisu,Spiritual
admissible,good sisu,Spiritual
allowable,good sisu,Spiritual
passable,good sisu,Spiritual
brookable,good sisu,Spiritual
satisfactory,good sisu,Spiritual
justifiable,good sisu,Spiritual
defensible,good sisu,Spiritual
defendable,good sisu,Spiritual
forgivable,good sisu,Spiritual
excusable,good sisu,Spiritual
pardonable,good sisu,Spiritual
respectable,good sisu,Spiritual
tenable,good sisu,Spiritual
viable,good sisu,Spiritual
credible,good sisu,Spiritual
reasonable,good sisu,Spiritual
sound,good sisu,Spiritual
plausible,good sisu,Spiritual
achievable,good sisu,Spiritual
attainable,good sisu,Spiritual
possible,good sisu,Spiritual
doable,good sisu,Spiritual
maintainable,good sisu,Spiritual
rational,good sisu,Spiritual
practicable,good sisu,Spiritual
affordable,good sisu,Spiritual
able to hold water,good sisu,Spiritual
permissible,good sisu,Spiritual
permitted,good sisu,Spiritual
allowed,good sisu,Spiritual
sanctioned,good sisu,Spiritual
tolerated,good sisu,Spiritual
sustainability,good sisu,Spiritual
mercy,good sisu,Spiritual
merciless,bad sisu,Spiritual
ruthless,bad sisu,Spiritual
hard,bad sisu,Spiritual
callous,bad sisu,Spiritual
pitiless,bad sisu,Spiritual
heartless,bad sisu,Spiritual
cruel,bad sisu,Spiritual
unfeeling,bad sisu,Spiritual
harsh,bad sisu,Spiritual
inhuman,bad sisu,Spiritual
unsympathetic,bad sisu,Spiritual
unmerciful,bad sisu,Spiritual
remorseless,bad sisu,Spiritual
insensitive,bad sisu,Spiritual
unsparing,bad sisu,Spiritual
inhumane,bad sisu,Spiritual
brutal,bad sisu,Spiritual
uncharitable,bad sisu,Spiritual
severe,bad sisu,Spiritual
stony,bad sisu,Spiritual
obdurate,bad sisu,Spiritual
compassionless,bad sisu,Spiritual
indurate,bad sisu,Spiritual
fierce,bad sisu,Spiritual
soulless,bad sisu,Spiritual
affectless,bad sisu,Spiritual
unforgiving,bad sisu,Spiritual
ironhearted,bad sisu,Spiritual
stoney,bad sisu,Spiritual
stonyhearted,bad sisu,Spiritual
barbarous,bad sisu,Spiritual
pachydermatous,bad sisu,Spiritual
insensate,bad sisu,Spiritual
desensitised,bad sisu,Spiritual
desensitized,bad sisu,Spiritual
grim,bad sisu,Spiritual
inflexible,bad sisu,Spiritual
unrelenting,bad sisu,Spiritual
implacable,bad sisu,Spiritual
stern,bad sisu,Spiritual
uncompromising,bad sisu,Spiritual
unpitying,bad sisu,Spiritual
unyielding,bad sisu,Spiritual
inexorable,bad sisu,Spiritual
hardhearted,bad sisu,Spiritual
rigid,bad sisu,Spiritual
mean,bad sisu,Spiritual
unappeasable,bad sisu,Spiritual
intolerant,bad sisu,Spiritual
cutthroat,bad sisu,Spiritual
wanton,bad sisu,Spiritual
unflinching,bad sisu,Spiritual
illiberal,bad sisu,Spiritual
hard-hearted,bad sisu,Spiritual
cold-blooded,bad sisu,Spiritual
case-hardened,bad sisu,Spiritual
hard-boiled,bad sisu,Spiritual
thick-skinned,bad sisu,Spiritual
slash-and-burn,bad sisu,Spiritual
stony-hearted,bad sisu,Spiritual
take-no-prisoners,bad sisu,Spiritual
cut-throat,bad sisu,Spiritual
dog-eat-dog,bad sisu,Spiritual
iron-fisted,bad sisu,Spiritual
uncalled-for,bad sisu,Spiritual
mean machine,bad sisu,Spiritual
having a killer instinct,bad sisu,Spiritual
empathy,good sisu,Relationship
understanding,good sisu,Relationship
compassion,good sisu,Relationship
affinity,good sisu,Relationship
appreciation,good sisu,Relationship
rapport,good sisu,Relationship
sympathy,good sisu,Relationship
commiseration,good sisu,Relationship
feeling,good sisu,Relationship
identification,good sisu,Relationship
recognition,good sisu,Relationship
apprehension,good sisu,Relationship
cognizance,good sisu,Relationship
communion,good sisu,Relationship
conception,good sisu,Relationship
concord,good sisu,Relationship
consciousness,good sisu,Relationship
insight,good sisu,Relationship
perception,good sisu,Relationship
perceptivity,good sisu,Relationship
pity,good sisu,Relationship
responsiveness,good sisu,Relationship
apperception,good sisu,Relationship
assimilation,good sisu,Relationship
awareness,good sisu,Relationship
cognition,good sisu,Relationship
comprehension,good sisu,Relationship
concern,good sisu,Relationship
mindfulness,good sisu,Relationship
perceptiveness,good sisu,Relationship
regard,good sisu,Relationship
thoughtfulness,good sisu,Relationship
acquaintance,good sisu,Relationship
enlightenment,good sisu,Relationship
familiarity,good sisu,Relationship
intuition,good sisu,Relationship
knowing,good sisu,Relationship
knowingness,good sisu,Relationship
receptiveness,good sisu,Relationship
receptivity,good sisu,Relationship
warmth,good sisu,Relationship
fellow feeling,good sisu,Relationship
cottoning to,good sisu,Relationship
being on same wavelength,good sisu,Relationship
awareness of the feelings of others,good sisu,Relationship
sensibility,good sisu,Relationship
care,good sisu,Relationship
consideration,good sisu,Relationship
sensitiveness,good sisu,Relationship
patience,good sisu,Relationship
delicacy,good sisu,Relationship
kindliness,good sisu,Relationship
sensitivity,good sisu,Relationship
unity,good sisu,Relationship
soft skills,good sisu,Relationship
finer feelings,good sisu,Relationship
togetherness,good sisu,Relationship
involvement,good sisu,Relationship
good vibes,good sisu,Relationship
sympathetic cord,good sisu,Relationship
bond of sympathy,good sisu,Relationship
unrealistic,bad sisu,Spiritual
impractical,bad sisu,Spiritual
unworkable,bad sisu,Spiritual
impracticable,bad sisu,Spiritual
improbable,bad sisu,Spiritual
constructive,good sisu,Spiritual
productive,good sisu,Spiritual
helpful,good sisu,Spiritual
positive,good sisu,Spiritual
practical,good sisu,Spiritual
useful,good sisu,Spiritual
valuable,good sisu,Spiritual
beneficial,good sisu,Spiritual
effective,good sisu,Spiritual
encouraging,good sisu,Spiritual
formative,good sisu,Spiritual
profitable,good sisu,Spiritual
worthwhile,good sisu,Spiritual
advantageous,good sisu,Spiritual
fruitful,good sisu,Spiritual
of use,good sisu,Spiritual
rewarding,good sisu,Spiritual
good,good sisu,Spiritual
expedient,good sisu,Spiritual
gainful,good sisu,Spiritual
efficacious,good sisu,Spiritual
of assistance,good sisu,Spiritual
effectual,good sisu,Spiritual
serviceable,good sisu,Spiritual
of help,good sisu,Spiritual
efficient,good sisu,Spiritual
favourable,good sisu,Spiritual
successful,good sisu,Spiritual
favorable,good sisu,Spiritual
meritorious,good sisu,Spiritual
sound,good sisu,Spiritual
significant,good sisu,Spiritual
operative,good sisu,Spiritual
invaluable,good sisu,Spiritual
potent,good sisu,Spiritual
usable,good sisu,Spiritual
suitable,good sisu,Spiritual
appropriate,good sisu,Spiritual
of service,good sisu,Spiritual
worth it,good sisu,Spiritual
meaningful,good sisu,Spiritual
practicable,good sisu,Spiritual
workable,good sisu,Spiritual
conducive,good sisu,Spiritual
pragmatic,good sisu,Spiritual
worthy,good sisu,Spiritual
reasonable,good sisu,Spiritual
win-win,good sisu,Spiritual
solid,good sisu,Spiritual
lucrative,good sisu,Spiritual
powerful,good sisu,Spiritual
sensible,good sisu,Spiritual
remunerative,good sisu,Spiritual
instrumental,good sisu,Spiritual
feasible,good sisu,Spiritual
handy,good sisu,Spiritual
of value,good sisu,Spiritual
timely,good sisu,Spiritual
viable,good sisu,Spiritual
functional,good sisu,Spiritual
opportune,good sisu,Spiritual
propitious,good sisu,Spiritual
useable,good sisu,Spiritual
capable,good sisu,Spiritual
of benefit,good sisu,Spiritual
applicable,good sisu,Spiritual
adequate,good sisu,Spiritual
purposeful,good sisu,Spiritual
nifty,good sisu,Spiritual
supportive,good sisu,Spiritual
promising,good sisu,Spiritual
uplifting,good sisu,Spiritual
inspiring,good sisu,Spiritual
important,good sisu,Spiritual
influential,good sisu,Spiritual
gratifying,good sisu,Spiritual
paying,good sisu,Spiritual
advisable,good sisu,Spiritual
kindly,good sisu,Spiritual
realistic,good sisu,Spiritual
working,good sisu,Spiritual
not care,bad sisu,Spiritual
care,good sisu,Spiritual
downward,bad sisu,Spiritual
overachieving,bad sisu,Spiritual
benefactor,good sisu,Spiritual
patron,good sisu,Spiritual
donor,good sisu,Spiritual
sponsor,good sisu,Spiritual
backer,good sisu,Spiritual
contributor,good sisu,Spiritual
altruist,good sisu,Spiritual
giver,good sisu,Spiritual
Maecenas,good sisu,Spiritual
benefactress,good sisu,Spiritual
almsgiver,good sisu,Spiritual
helper,good sisu,Spiritual
humanitarian,good sisu,Spiritual
philanthrope,good sisu,Spiritual
promoter,good sisu,Spiritual
guarantor,good sisu,Spiritual
patroness,good sisu,Spiritual
do-gooder,good sisu,Spiritual
good Samaritan,good sisu,Spiritual
bleeding heart,good sisu,Spiritual
good scout,good sisu,Spiritual
philanthropist,good sisu,Spiritual
believe-in-yourself,good sisu,Spiritual
believe-in-yourself,good sisu,Spiritual
open-minded,good sisu,Spiritual
power,good sisu,Spiritual
persistance,good sisu,Spiritual
courageous,good sisu,Spiritual
heroic,good sisu,Spiritual
courage,good sisu,Spiritual
confident,good sisu,Spiritual
confidencefearless,good sisu,Spiritual
calm,good sisu,Spiritual
strong,good sisu,Spiritual
strength,good sisu,Spiritual
gentle,good sisu,Relationship
extraordinary,good sisu,Spiritual
perserverance,good sisu,Spiritual
integrity,good sisu,Spiritual
guts,good sisu,Spiritual
will,good sisu,Spiritual
consistent,good sisu,Spiritual
challenge,good sisu,Spiritual
magic,good sisu,Spiritual
determination,good sisu,Spiritual
victory,good sisu,Spiritual
future,good sisu,Spiritual
past,good sisu,Spiritual
grow,good sisu,Spiritual
learn,good sisu,Spiritual
relationship,good sisu,Relationship
healthy,good sisu,Spiritual
consciousness,good sisu,Spiritual
positivity,good sisu,Spiritual
honest,good sisu,Spiritual
attitude,good sisu,Spiritual
motivated,good sisu,Spiritual
proud,good sisu,Spiritual
pride,good sisu,Spiritual
energy,good sisu,Spiritual
resilience,good sisu,Spiritual
better,good sisu,Spiritual
positivity,good sisu,Spiritual
compromise,good sisu,Spiritual
kind,good sisu,Relationship
gratitude,good sisu,Spiritual
persevere,good sisu,Spiritual
persist,good sisu,Spiritual
caring,good sisu,Relationship
beauty,good sisu,Spiritual
improve,good sisu,Spiritual
healthy-living,good sisu,Spiritual
motivational,good sisu,Spiritual
Positive,good sisu,Spiritual
wise,good sisu,Spiritual
Powerful,good sisu,Spiritual
Good,good sisu,Spiritual
Better,good sisu,Spiritual
Integrity,good sisu,Spiritual
Self,good sisu,Spiritual
self,good sisu,Spiritual
honesty,good sisu,Spiritual
problem-solving,good sisu,Spiritual
leadership,good sisu,Spiritual
humility,good sisu,Spiritual
Discipline,good sisu,Spiritual
Moving Forward,good sisu,Spiritual
Mind,good sisu,Spiritual
self-motivation,good sisu,Spiritual
passion,good sisu,Spiritual
Wise,good sisu,Spiritual
Kindness,good sisu,Relationship
independent,good sisu,Spiritual
peace,good sisu,Spiritual
Gratitude,good sisu,Spiritual
enthusiasm,good sisu,Spiritual
hope,good sisu,Spiritual
hospitality,good sisu,Spiritual
optimistic,good sisu,Spiritual
Patient,good sisu,Spiritual
self-improvement,good sisu,Spiritual
personal-development,good sisu,Spiritual
self-awareness,good sisu,Spiritual
spiritual,good sisu,Spiritual
trust,good sisu,Spiritual
yourself,good sisu,Spiritual
victory,good sisu,Spiritual
gut-feelings,good sisu,Spiritual
gut-awareness,good sisu,Spiritual
gut-instincts,good sisu,Spiritual
self-esteem,good sisu,Spiritual
self-reflection,good sisu,Spiritual
perspective,good sisu,Spiritual
courage,good sisu,Relationship
answerable,good sisu,Relationship
reporting,good sisu,Relationship
responsible,good sisu,Relationship
obeying,good sisu,Relationship
subject,good sisu,Relationship
bound by,good sisu,Relationship
bound to obey,good sisu,Relationship
under the charge of,good sisu,Relationship
live,good sisu,Spiritual
exist,good sisu,Spiritual
endure,good sisu,Spiritual
prevail,good sisu,Spiritual
subsist,good sisu,Spiritual
persist,good sisu,Spiritual
be,good sisu,Spiritual
last,good sisu,Spiritual
remain,good sisu,Spiritual
fight for your life,good sisu,Spiritual
live on,good sisu,Spiritual
remain alive,good sisu,Spiritual
stay alive,good sisu,Spiritual
sustain oneself,good sisu,Spiritual
cling to life,good sisu,Spiritual
have life,good sisu,Spiritual
be alive,good sisu,Spiritual
be animate,good sisu,Spiritual
be in this world,good sisu,Spiritual
carry on,good sisu,Spiritual
walk the earth,good sisu,Spiritual
be extant,good sisu,Spiritual
draw breath,good sisu,Spiritual
have being,good sisu,Spiritual
stay around,good sisu,Spiritual
sustain life,good sisu,Spiritual
be in the land of the living,good sisu,Spiritual
cheat death,good sisu,Spiritual
escape death,good sisu,Spiritual
evade death,good sisu,Spiritual
hold on,good sisu,Spiritual
hold out,good sisu,Spiritual
keep afloat,good sisu,Spiritual
make it,good sisu,Spiritual
keep body and soul together,good sisu,Spiritual
keep your head above water,good sisu,Spiritual
existence,good sisu,Spiritual
viability,good sisu,Spiritual
being,good sisu,Spiritual
persistence,good sisu,Spiritual
staying alive,good sisu,Spiritual
subsistence,good sisu,Spiritual
being alive,good sisu,Spiritual
life span,good sisu,Spiritual
continued existence,good sisu,Spiritual
holding on to life,good sisu,Spiritual
life,good sisu,Spiritual
continuance,good sisu,Spiritual
essence,good sisu,Spiritual
animation,good sisu,Spiritual
presence,good sisu,Spiritual
breath,good sisu,Spiritual
consciousness,good sisu,Spiritual
sentience,good sisu,Spiritual
personage,good sisu,Spiritual
aliveness,good sisu,Spiritual
animateness,good sisu,Spiritual
creation,good sisu,Spiritual
growth,good sisu,Spiritual
actuality,good sisu,Spiritual
reality,good sisu,Spiritual
continuation,good sisu,Spiritual
corporality,good sisu,Spiritual
corporeality,good sisu,Spiritual
fact,good sisu,Spiritual
personhood,good sisu,Spiritual
beinghood,good sisu,Spiritual
living,good sisu,Spiritual
existing,good sisu,Spiritual
perseverance,good sisu,Spiritual
permanence,good sisu,Spiritual
journey,good sisu,Spiritual
esse,good sisu,Spiritual
quiddity,good sisu,Spiritual
individuality,good sisu,Spiritual
thingness,good sisu,Spiritual
continued survival,good sisu,Spiritual
impalpable,good sisu,Spiritual
imperceptible,good sisu,Spiritual
indistinguishable,good sisu,Spiritual
slight,good sisu,Spiritual
minute,good sisu,Spiritual
undetectable,good sisu,Spiritual
small,good sisu,Spiritual
fine,good sisu,Spiritual
inappreciable,good sisu,Spiritual
indiscernible,good sisu,Spiritual
unnoticeable,good sisu,Spiritual
indistinct,good sisu,Spiritual
faint,good sisu,Spiritual
unapparent,good sisu,Spiritual
inconspicuous,good sisu,Spiritual
indefinite,good sisu,Spiritual
vague,good sisu,Spiritual
unperceivable,good sisu,Spiritual
imperceivable,good sisu,Spiritual
illusive,good sisu,Spiritual
tenuous,good sisu,Spiritual
elusive,good sisu,Spiritual
implied,good sisu,Spiritual
sheer,good sisu,Spiritual
undistinguishable,good sisu,Spiritual
attenuate,good sisu,Spiritual
ethereal,good sisu,Spiritual
inferred,good sisu,Spiritual
attenuated,good sisu,Spiritual
thin,good sisu,Spiritual
barely visible,good sisu,Spiritual
hard to make out,good sisu,Spiritual
dedication,good sisu,Spiritual
determination,good sisu,Spiritual
diligence,good sisu,Spiritual
persistence,good sisu,Spiritual
resoluteness,good sisu,Spiritual
resolve,good sisu,Spiritual
application,good sisu,Spiritual
commitment,good sisu,Spiritual
devotion,good sisu,Spiritual
doggedness,good sisu,Spiritual
drive,good sisu,Spiritual
obstinacy,good sisu,Spiritual
pertinacity,good sisu,Spiritual
purposefulness,good sisu,Spiritual
resolution,good sisu,Spiritual
steadfastness,good sisu,Spiritual
tenacity,good sisu,Spiritual
assiduity,good sisu,Spiritual
assiduousness,good sisu,Spiritual
endurance,good sisu,Spiritual
grit,good sisu,Spiritual
indefatigability,good sisu,Spiritual
sedulity,good sisu,Spiritual
sedulousness,good sisu,Spiritual
stamina,good sisu,Spiritual
constancy,good sisu,Spiritual
continuance,good sisu,Spiritual
intransigence,good sisu,Spiritual
patience,good sisu,Spiritual
perseveration,good sisu,Spiritual
purpose,good sisu,Spiritual
stubbornness,good sisu,Spiritual
tirelessness,good sisu,Spiritual
backbone,good sisu,Spiritual
guts,good sisu,Spiritual
immovability,good sisu,Spiritual
insistence,good sisu,Spiritual
moxie,good sisu,Spiritual
pluck,good sisu,Spiritual
spunk,good sisu,Spiritual
stickability,good sisu,Spiritual
pursuance,good sisu,Spiritual
Sitzfleisch,good sisu,Spiritual
firmness of purpose,good sisu,Spiritual
staying power,good sisu,Spiritual
stick-to-itiveness,good sisu,Spiritual
stick-to-it-iveness,good sisu,Spiritual
firmness,good sisu,Spiritual
obduracy,good sisu,Spiritual
relentlessness,good sisu,Spiritual
fortitude,good sisu,Spiritual
indomitability,good sisu,Spiritual
obdurateness,good sisu,Spiritual
inflexibility,good sisu,Spiritual
bullheadedness,good sisu,Spiritual
mulishness,good sisu,Spiritual
single-mindedness,good sisu,Spiritual
pigheadedness,good sisu,Spiritual
contumacy,good sisu,Spiritual
implacability,good sisu,Spiritual
inexorability,good sisu,Spiritual
inexorableness,good sisu,Spiritual
earnestness,good sisu,Spiritual
intransigency,good sisu,Spiritual
rigidity,good sisu,Spiritual
adamancy,good sisu,Spiritual
grimness,good sisu,Spiritual
steadiness,good sisu,Spiritual
inflexibleness,good sisu,Spiritual
courage,good sisu,Spiritual
toughness,good sisu,Spiritual
implacableness,good sisu,Spiritual
